<metadata><idinfo><citation><citeinfo><origin>City and County of Denver, Community Planning and Development</origin><pubdate>20110630</pubdate><title>Statistical Neighborhood</title><geoform>vector digital data</geoform></citeinfo></citation><descript><abstract>The Statistical Neighborhood boundaries were developed in 1970 by the Community Renewal Program (CRP) which was administered by the current Denver Department of Community Planning and Development. Statistical Neighborhoods are typically combinations of census tracts. Geographic place names, such as Windsor and Mar Lee, were assigned to each area and reflect commonly used names of subdivisions and historical parts of the city.</abstract><purpose>Many city agencies, such as the Denver Police Department and others, continue to use Statistical Neighborhoods as a convenient way of comparing one geographic area to another over time.</purpose></descript><status><update>None planned</update></status><spdom><bounding><westbc>-105.109967</westbc><eastbc>-104.599538</eastbc><northbc>39.914209</northbc><southbc>39.614311</southbc></bounding></spdom><keywords><theme><themekt>ISO 19115 Topic Categories</themekt><themekey>boundaries</themekey></theme><place><placekt>None</placekt><placekey>Denver</placekey><placekey>Denver County</placekey><placekey>Colorado</placekey><placekey>USA</placekey></place></keywords><accconst>None</accconst><useconst>ACCESS CONSTRAINTS:
 
None.   
 
USE CONSTRAINTS:
 
The City and County of Denver is not responsible and shall not be liable to the user for damages of any kind arising out of the use of data or information provided by the City and County of Denver, including the installation of the data or information, its use, or the results obtained from its use.
 
ANY DATA OR INFORMATION PROVIDED BY THE City and County of Denver IS PROVIDED "AS IS" WITHOUT WARRANTY OF ANY KIND, EITHER EXPRESSED OR IMPLIED, INCLUDING, BUT NOT LIMITED TO, THE IMPLIED WARRANTIES OF MERCHANTABILITY AND FITNESS FOR A PARTICULAR PURPOSE.  Data or information provided by the City and County of Denver shall be used and relied upon only at the user's sole risk, and the user agrees to indemnify and hold harmless the City and County of Denver, its officials, officers and employees from any liability arising out of the use of the data/information provided.
 
NOT FOR ENGINEERING PURPOSES
</useconst><datacred>City and County of Denver, Community Planning and Development</datacred><secinfo><secsys>AVAILABLE  </secsys><secclass>Unclassified</secclass><sechandl>Available to the general public and accessible through the Denver’s Open Data Catalog, http://data.denvergov.org/ </sechandl></secinfo><native>Microsoft Windows Server 2008 R2 Version 6.1 (Build 7601) Service Pack 1; ESRI ArcGIS 10.0.5.4400</native></idinfo><dataqual/><spdoinfo><direct>Vector</direct><ptvctinf><esriterm><efeatyp Sync="TRUE">Simple</efeatyp><efeageom code="4" Sync="TRUE"></efeageom><esritopo Sync="TRUE">FALSE</esritopo><efeacnt Sync="TRUE">0</efeacnt><spindex Sync="TRUE">FALSE</spindex><linrefer Sync="TRUE">FALSE</linrefer></esriterm></ptvctinf></spdoinfo><spref><horizsys><geograph><latres>8.9831528411952133e-009</latres><longres>8.9831528411952133e-009</longres><geogunit>Decimal Degrees</geogunit></geograph><geodetic><horizdn>D WGS 1984</horizdn><ellips>WGS 1984</ellips><semiaxis>6378137.0</semiaxis><denflat>298.257223563</denflat></geodetic></horizsys></spref><eainfo><detailed Name="statistical_neighborhoods"><enttyp><enttypl>ADMN_NEIGHBORHOOD_A</enttypl><enttypt Sync="TRUE">Feature Class</enttypt><enttypc Sync="TRUE">0</enttypc></enttyp><attr><attrlabl Sync="TRUE">FID</attrlabl><attalias Sync="TRUE">FID</attalias><attrtype Sync="TRUE">OID</attrtype><attwidth Sync="TRUE">4</attwidth><atprecis Sync="TRUE">0</atprecis><attscale Sync="TRUE">0</attscale><attrdef Sync="TRUE">Internal feature number.</attrdef><attrdefs Sync="TRUE">ESRI</attrdefs><attrdomv><udom Sync="TRUE">Sequential unique whole numbers that are automatically generated.</udom></attrdomv></attr><attr><attrlabl>NBHD_ID</attrlabl><attrdef>Neighborhood identifier.</attrdef><attrdefs>Community Planning and Development</attrdefs><attalias Sync="TRUE">NBHD_ID</attalias><attrtype Sync="TRUE">SmallInteger</attrtype><attwidth Sync="TRUE">4</attwidth><atprecis Sync="TRUE">4</atprecis><attscale Sync="TRUE">0</attscale></attr><attr><attrlabl>NBHD_NAME</attrlabl><attrdef>Neighborhood name.</attrdef><attrdefs>Community Planning and Development</attrdefs><attalias Sync="TRUE">NBHD_NAME</attalias><attrtype Sync="TRUE">String</attrtype><attwidth Sync="TRUE">50</attwidth><atprecis Sync="TRUE">0</atprecis><attscale Sync="TRUE">0</attscale></attr><attr><attrlabl>TYPOLOGY</attrlabl><attrdef>How point, line, and polygon features share geometry.</attrdef><attrdefs>Community Planning and Development</attrdefs><attalias Sync="TRUE">TYPOLOGY</attalias><attrtype Sync="TRUE">String</attrtype><attwidth Sync="TRUE">33</attwidth><atprecis Sync="TRUE">0</atprecis><attscale Sync="TRUE">0</attscale></attr><attr><attrlabl>NOTES</attrlabl><attrdef>Additional notes.</attrdef><attrdefs>Community Planning and Development</attrdefs><attalias Sync="TRUE">NOTES</attalias><attrtype Sync="TRUE">String</attrtype><attwidth Sync="TRUE">50</attwidth><atprecis Sync="TRUE">0</atprecis><attscale Sync="TRUE">0</attscale></attr><attr><attrlabl>SHAPE</attrlabl><attrdef>Feature geometry.</attrdef><attrdefs>ESRI</attrdefs><attrdomv><udom>Coordinates defining the features.</udom></attrdomv><attalias Sync="TRUE">Shape</attalias><attrtype Sync="TRUE">Geometry</attrtype><attwidth Sync="TRUE">0</attwidth><atprecis Sync="TRUE">0</atprecis><attscale Sync="TRUE">0</attscale></attr><attr><attrlabl Sync="TRUE">SHAPE_Leng</attrlabl><attalias Sync="TRUE">SHAPE_Leng</attalias><attrtype Sync="TRUE">Double</attrtype><attwidth Sync="TRUE">19</attwidth><atprecis Sync="TRUE">0</atprecis><attscale Sync="TRUE">0</attscale></attr><attr><attrlabl>SHAPE_Area</attrlabl><attrdef>Area of feature in internal units squared.</attrdef><attrdefs>ESRI</attrdefs><attrdomv><udom>Positive real numbers that are automatically generated.</udom></attrdomv><attalias Sync="TRUE">SHAPE_Area</attalias><attrtype Sync="TRUE">Double</attrtype><attwidth Sync="TRUE">19</attwidth><atprecis Sync="TRUE">0</atprecis><attscale Sync="TRUE">0</attscale></attr></detailed></eainfo><distinfo><distrib><cntinfo><cntorgp><cntorg>City and County of Denver, Technology Services / DenverGIS Data </cntorg></cntorgp><cntaddr><addrtype>unknown</addrtype><address>201 W Colfax Ave, Dept 301</address><city>Denver</city><state>CO</state><postal>80202</postal><country>USA</country></cntaddr><cntfax>720-913-5237</cntfax><cntemail>denvergis@denvergov.org</cntemail><hours>M-F 8:00am - 4:30pm (MT)</hours></cntinfo></distrib><distliab>See access and use constraints information.</distliab></distinfo><metainfo><metd>20130901</metd><metstdn>FGDC Content Standard for Digital Geospatial Metadata</metstdn><metstdv>FGDC-STD-001-1998</metstdv><mettc>local time</mettc></metainfo><dataIdInfo><envirDesc Sync="TRUE">Microsoft Windows Server 2008 R2 Version 6.1 (Build 7601) Service Pack 1; ESRI ArcGIS 10.0.5.4400</envirDesc><dataLang><languageCode value="eng" Sync="TRUE"></languageCode><countryCode value="USA" Sync="TRUE"></countryCode></dataLang><idCitation><resTitle Sync="TRUE">statistical_neighborhoods</resTitle><presForm><PresFormCd value="005" Sync="TRUE"></PresFormCd></presForm></idCitation><spatRpType><SpatRepTypCd value="001" Sync="TRUE"></SpatRepTypCd></spatRpType></dataIdInfo><mdLang><languageCode value="eng" Sync="TRUE"></languageCode><countryCode value="USA" Sync="TRUE"></countryCode></mdLang><Esri><DataProperties><itemProps><itemName Sync="TRUE">statistical_neighborhoods</itemName><imsContentType Sync="TRUE">002</imsContentType><itemSize Sync="TRUE">0.000</itemSize><itemLocation><linkage Sync="TRUE">file://\\GOVJOBGIS01P\Jobs\PublishOpenDataset\Temp\statistical_neighborhoods\shape\statistical_neighborhoods\statistical_neighborhoods.shp</linkage><protocol Sync="TRUE">Local Area Network</protocol></itemLocation></itemProps><coordRef><type Sync="TRUE">Geographic</type><geogcsn Sync="TRUE">GCS_WGS_1984</geogcsn><csUnits Sync="TRUE">Angular Unit: Degree (0.017453)</csUnits><peXml Sync="TRUE">&lt;GeographicCoordinateSystem xsi:type='typens:GeographicCoordinateSystem' xmlns:xsi='http://www.w3.org/2001/XMLSchema-instance' xmlns:xs='http://www.w3.org/2001/XMLSchema' xmlns:typens='http://www.esri.com/schemas/ArcGIS/10.0'&gt;&lt;WKT&gt;GEOGCS[&amp;quot;GCS_WGS_1984&amp;quot;,DATUM[&amp;quot;D_WGS_1984&amp;quot;,SPHEROID[&amp;quot;WGS_1984&amp;quot;,6378137.0,298.257223563]],PRIMEM[&amp;quot;Greenwich&amp;quot;,0.0],UNIT[&amp;quot;Degree&amp;quot;,0.0174532925199433],AUTHORITY[&amp;quot;EPSG&amp;quot;,4326]]&lt;/WKT&gt;&lt;XOrigin&gt;-399.99999999999989&lt;/XOrigin&gt;&lt;YOrigin&gt;-399.99999999999989&lt;/YOrigin&gt;&lt;XYScale&gt;11258999068426.24&lt;/XYScale&gt;&lt;ZOrigin&gt;-100000&lt;/ZOrigin&gt;&lt;ZScale&gt;10000&lt;/ZScale&gt;&lt;MOrigin&gt;-100000&lt;/MOrigin&gt;&lt;MScale&gt;10000&lt;/MScale&gt;&lt;XYTolerance&gt;8.9831528411952133e-009&lt;/XYTolerance&gt;&lt;ZTolerance&gt;0.001&lt;/ZTolerance&gt;&lt;MTolerance&gt;0.001&lt;/MTolerance&gt;&lt;HighPrecision&gt;true&lt;/HighPrecision&gt;&lt;LeftLongitude&gt;-180&lt;/LeftLongitude&gt;&lt;WKID&gt;4326&lt;/WKID&gt;&lt;/GeographicCoordinateSystem&gt;</peXml></coordRef><lineage><Process ToolSource="e:\program files (x86)\arcgis\desktop10.0\ArcToolbox\Toolboxes\Data Management Tools.tbx\CopyFeatures" Date="20130901" Time="071031">CopyFeatures ..\Temp\statistical_neighborhoods\gdb\statistical_neighborhoods.gdb\statistical_neighborhoods ..\Temp\statistical_neighborhoods\shape\statistical_neighborhoods\statistical_neighborhoods.shp # 0 0 0</Process></lineage></DataProperties><SyncDate>20130901</SyncDate><SyncTime>07103100</SyncTime><ModDate>20130901</ModDate><ModTime>07103100</ModTime></Esri><distInfo><distFormat><formatName Sync="TRUE">Shapefile</formatName></distFormat><distTranOps><transSize Sync="TRUE">0.000</transSize></distTranOps></distInfo><mdHrLv><ScopeCd value="005" Sync="TRUE"></ScopeCd></mdHrLv><mdHrLvName Sync="TRUE">dataset</mdHrLvName><refSysInfo><RefSystem><refSysID><identCode code="4326" Sync="TRUE"></identCode><idCodeSpace Sync="TRUE">EPSG</idCodeSpace><idVersion Sync="TRUE">7.4.1</idVersion></refSysID></RefSystem></refSysInfo><spatRepInfo><VectSpatRep><geometObjs Name="statistical_neighborhoods"><geoObjTyp><GeoObjTypCd value="002" Sync="TRUE"></GeoObjTypCd></geoObjTyp><geoObjCnt Sync="TRUE">0</geoObjCnt></geometObjs><topLvl><TopoLevCd value="001" Sync="TRUE"></TopoLevCd></topLvl></VectSpatRep></spatRepInfo><mdDateSt Sync="TRUE">20130901</mdDateSt></metadata>
