<metadata><idinfo><citation><citeinfo><origin>City and County of Denver - Community Planning and Development</origin><pubdate>20110630</pubdate><title>Council Districts</title><geoform>vector digital data</geoform></citeinfo></citation><descript><abstract>City Council Boundaries updated in 2007 (previously revised in 2003). Generally aligned with other statistical boundaries including census and neighborhoods.</abstract><purpose>Contains boundaries of 11 unique districts and 2 at-large districts.
</purpose></descript><status><update>As needed</update></status><spdom><bounding><westbc>-105.109967</westbc><eastbc>-104.599538</eastbc><northbc>39.914209</northbc><southbc>39.614311</southbc></bounding></spdom><keywords><theme><themekt>None</themekt><themekey>political</themekey><themekey>district</themekey></theme><theme><themekt>ISO 19115 Topic Categories</themekt><themekey>boundaries</themekey></theme><place><placekt>None</placekt><placekey>Denver</placekey><placekey>Denver County</placekey><placekey>Colorado</placekey><placekey>USA</placekey></place></keywords><accconst>None</accconst><useconst>ACCESS CONSTRAINTS:

None.

USE CONSTRAINTS:

The City and County of Denver is not responsible and shall not be liable to the user for damages of any kind arising out of the use of data or information provided by the City and County of Denver, including the installation of the data or information, its use, or the results obtained from its use.
 
ANY DATA OR INFORMATION PROVIDED BY THE City and County of Denver IS PROVIDED "AS IS" WITHOUT WARRANTY OF ANY KIND, EITHER EXPRESSED OR IMPLIED, INCLUDING, BUT NOT LIMITED TO, THE IMPLIED WARRANTIES OF MERCHANTABILITY AND FITNESS FOR A PARTICULAR PURPOSE.  Data or information provided by the City and County of Denver shall be used and relied upon only at the user's sole risk, and the user agrees to indemnify and hold harmless the City and County of Denver, its officials, officers and employees from any liability arising out of the use of the data/information provided.
 
NOT FOR ENGINEERING PURPOSES

</useconst><datacred>City and County of Denver - Community Planning and Development
</datacred><secinfo><secsys>AVAIALBLE</secsys><secclass>Unclassified</secclass><sechandl>Available to the general public and accessible through the Denver’s Open Data Catalog, http://data.denvergov.org/ </sechandl></secinfo><native>Microsoft Windows Server 2003 R2 Version 5.2 (Build 3790) Service Pack 2; ESRI ArcGIS 10.0.5.4400</native></idinfo><dataqual/><spdoinfo><direct>Vector</direct><ptvctinf><esriterm><efeatyp Sync="TRUE">Simple</efeatyp><efeageom code="4" Sync="TRUE"></efeageom><esritopo Sync="TRUE">FALSE</esritopo><efeacnt Sync="TRUE">0</efeacnt><spindex Sync="TRUE">FALSE</spindex><linrefer Sync="TRUE">FALSE</linrefer></esriterm></ptvctinf></spdoinfo><spref><horizsys><geograph><latres>8.9831528411952133e-009</latres><longres>8.9831528411952133e-009</longres><geogunit>Decimal Degrees</geogunit></geograph><geodetic><horizdn>D WGS 1984</horizdn><ellips>WGS 1984</ellips><semiaxis>6378137.0</semiaxis><denflat>298.257223563</denflat></geodetic></horizsys></spref><eainfo><detailed Name="council_districts"><enttyp><enttypl>ADMN_COUNCILDIST_A</enttypl><enttypt Sync="TRUE">Feature Class</enttypt><enttypc Sync="TRUE">0</enttypc></enttyp><attr><attrlabl Sync="TRUE">FID</attrlabl><attalias Sync="TRUE">FID</attalias><attrtype Sync="TRUE">OID</attrtype><attwidth Sync="TRUE">4</attwidth><atprecis Sync="TRUE">0</atprecis><attscale Sync="TRUE">0</attscale><attrdef Sync="TRUE">Internal feature number.</attrdef><attrdefs Sync="TRUE">ESRI</attrdefs><attrdomv><udom Sync="TRUE">Sequential unique whole numbers that are automatically generated.</udom></attrdomv></attr><attr><attrlabl>SHAPE</attrlabl><attrdef>Feature geometry.</attrdef><attrdefs>ESRI</attrdefs><attrdomv><udom>Coordinates defining the features.</udom></attrdomv><attalias Sync="TRUE">Shape</attalias><attrtype Sync="TRUE">Geometry</attrtype><attwidth Sync="TRUE">0</attwidth><atprecis Sync="TRUE">0</atprecis><attscale Sync="TRUE">0</attscale></attr><attr><attrlabl>Dist_Num</attrlabl><attrdef>Council District Number.</attrdef><attrdefs>Community Planning and Development</attrdefs><attalias Sync="TRUE">DIST_NUM</attalias><attrtype Sync="TRUE">SmallInteger</attrtype><attwidth Sync="TRUE">4</attwidth><atprecis Sync="TRUE">4</atprecis><attscale Sync="TRUE">0</attscale></attr><attr><attrlabl>Dist_Rep</attrlabl><attrdef>Council Member Name.</attrdef><attrdefs>Community Planning and Development</attrdefs><attalias Sync="TRUE">DIST_REP</attalias><attrtype Sync="TRUE">String</attrtype><attwidth Sync="TRUE">35</attwidth><atprecis Sync="TRUE">0</atprecis><attscale Sync="TRUE">0</attscale></attr><attr><attrlabl>NOTES</attrlabl><attrdef>Additional notes.</attrdef><attrdefs>Community Planning and Development</attrdefs><attalias Sync="TRUE">NOTES</attalias><attrtype Sync="TRUE">String</attrtype><attwidth Sync="TRUE">33</attwidth><atprecis Sync="TRUE">0</atprecis><attscale Sync="TRUE">0</attscale></attr><attr><attrlabl Sync="TRUE">SHAPE_Leng</attrlabl><attalias Sync="TRUE">SHAPE_Leng</attalias><attrtype Sync="TRUE">Double</attrtype><attwidth Sync="TRUE">19</attwidth><atprecis Sync="TRUE">0</atprecis><attscale Sync="TRUE">0</attscale></attr><attr><attrlabl>SHAPE_Area</attrlabl><attrdef>Area of feature in internal units squared.</attrdef><attrdefs>ESRI</attrdefs><attrdomv><udom>Positive real numbers that are automatically generated.</udom></attrdomv><attalias Sync="TRUE">SHAPE_Area</attalias><attrtype Sync="TRUE">Double</attrtype><attwidth Sync="TRUE">19</attwidth><atprecis Sync="TRUE">0</atprecis><attscale Sync="TRUE">0</attscale></attr></detailed></eainfo><distinfo><distrib><cntinfo><cntorgp><cntorg>City and County of Denver, Technology Services / GIS Data</cntorg></cntorgp><cntaddr><addrtype>unknown</addrtype><address>201 W Colfax Ave, Dept 301</address><city>Denver</city><state>CO</state><postal>80202</postal><country>USA</country></cntaddr><cntfax>720-913-5237</cntfax><cntemail>denvergis@denvergov.org</cntemail><hours>M-F 8:00am - 4:30pm (MT)</hours></cntinfo></distrib><distliab>See access and use constraints information.</distliab></distinfo><metainfo><metd>20130424</metd><metstdn>FGDC Content Standard for Digital Geospatial Metadata</metstdn><metstdv>FGDC-STD-001-1998</metstdv><mettc>local time</mettc></metainfo><dataIdInfo><envirDesc Sync="TRUE">Microsoft Windows Server 2003 R2 Version 5.2 (Build 3790) Service Pack 2; ESRI ArcGIS 10.0.5.4400</envirDesc><dataLang><languageCode value="en" Sync="TRUE"></languageCode><countryCode value="US" Sync="TRUE"></countryCode></dataLang><idCitation><resTitle Sync="TRUE">council_districts</resTitle><presForm><PresFormCd value="005" Sync="TRUE"></PresFormCd></presForm></idCitation><spatRpType><SpatRepTypCd value="001" Sync="TRUE"></SpatRepTypCd></spatRpType></dataIdInfo><mdLang><languageCode value="en" Sync="TRUE"></languageCode><countryCode value="US" Sync="TRUE"></countryCode></mdLang><Esri><DataProperties><itemProps><itemName Sync="TRUE">council_districts</itemName><imsContentType Sync="TRUE">002</imsContentType><itemSize Sync="TRUE">0.000</itemSize><itemLocation><linkage Sync="TRUE">file://\\GOVGISJOBS02\F\Jobs\PublishOpenDataset\Temp\council_districts\shape\council_districts\council_districts.shp</linkage><protocol Sync="TRUE">Local Area Network</protocol></itemLocation></itemProps><coordRef><type Sync="TRUE">Geographic</type><geogcsn Sync="TRUE">GCS_WGS_1984</geogcsn><csUnits Sync="TRUE">Angular Unit: Degree (0.017453)</csUnits><peXml Sync="TRUE">&lt;GeographicCoordinateSystem xsi:type='typens:GeographicCoordinateSystem' xmlns:xsi='http://www.w3.org/2001/XMLSchema-instance' xmlns:xs='http://www.w3.org/2001/XMLSchema' xmlns:typens='http://www.esri.com/schemas/ArcGIS/10.0'&gt;&lt;WKT&gt;GEOGCS[&amp;quot;GCS_WGS_1984&amp;quot;,DATUM[&amp;quot;D_WGS_1984&amp;quot;,SPHEROID[&amp;quot;WGS_1984&amp;quot;,6378137.0,298.257223563]],PRIMEM[&amp;quot;Greenwich&amp;quot;,0.0],UNIT[&amp;quot;Degree&amp;quot;,0.0174532925199433]]&lt;/WKT&gt;&lt;XOrigin&gt;-399.99999999999989&lt;/XOrigin&gt;&lt;YOrigin&gt;-399.99999999999989&lt;/YOrigin&gt;&lt;XYScale&gt;11258999068426.24&lt;/XYScale&gt;&lt;ZOrigin&gt;-100000&lt;/ZOrigin&gt;&lt;ZScale&gt;10000&lt;/ZScale&gt;&lt;MOrigin&gt;-100000&lt;/MOrigin&gt;&lt;MScale&gt;10000&lt;/MScale&gt;&lt;XYTolerance&gt;8.9831528411952133e-009&lt;/XYTolerance&gt;&lt;ZTolerance&gt;0.001&lt;/ZTolerance&gt;&lt;MTolerance&gt;0.001&lt;/MTolerance&gt;&lt;HighPrecision&gt;true&lt;/HighPrecision&gt;&lt;LeftLongitude&gt;-180&lt;/LeftLongitude&gt;&lt;WKID&gt;4326&lt;/WKID&gt;&lt;/GeographicCoordinateSystem&gt;</peXml></coordRef><lineage><Process ToolSource="E:\ArcGIS\Desktop10.0\ArcToolbox\Toolboxes\Data Management Tools.tbx\CopyFeatures" Date="20130424" Time="181613">CopyFeatures ..\Temp\council_districts\gdb\council_districts.gdb\council_districts ..\Temp\council_districts\shape\council_districts\council_districts.shp # 0 0 0</Process></lineage></DataProperties><SyncDate>20130424</SyncDate><SyncTime>18161300</SyncTime><ModDate>20130424</ModDate><ModTime>18161300</ModTime></Esri><distInfo><distFormat><formatName Sync="TRUE">Shapefile</formatName></distFormat><distTranOps><transSize Sync="TRUE">0.000</transSize></distTranOps></distInfo><mdHrLv><ScopeCd value="005" Sync="TRUE"></ScopeCd></mdHrLv><mdHrLvName Sync="TRUE">dataset</mdHrLvName><refSysInfo><RefSystem><refSysID><identCode code="0" Sync="TRUE"></identCode></refSysID></RefSystem></refSysInfo><spatRepInfo><VectSpatRep><geometObjs Name="council_districts"><geoObjTyp><GeoObjTypCd value="002" Sync="TRUE"></GeoObjTypCd></geoObjTyp><geoObjCnt Sync="TRUE">0</geoObjCnt></geometObjs><topLvl><TopoLevCd value="001" Sync="TRUE"></TopoLevCd></topLvl></VectSpatRep></spatRepInfo><mdDateSt Sync="TRUE">20130424</mdDateSt></metadata>
